source,link
finefigsfood.com,https://www.finefigsfood.com/fruits
Fruitwala,https://fruitwala.co/blogs/news/what-makes-pakistani-mangoes-so-special
Facebook,https://m.facebook.com/story.php/?story_fbid=419253760733498&id=100079466332738
Pngtree,https://pngtree.com/freebackground/mangoes-in-the-basket-cuisine-snack-fruit-photo_7249847.html
IPM Images,https://www.ipmimages.org/browse/detail.cfm?imgnum=5612338
FreshFruitPortal.com,https://www.freshfruitportal.com/news/2024/08/01/indian-mango-shipments-score-20-annual-growth/
Flickr,https://www.flickr.com/photos/lorensgibb/2486111783
Freepik,https://www.freepik.com/premium-photo/yellow-ripe-fresh-mangoes-background_34682743.htm
WordPress.com,https://travellingartist.wordpress.com/tag/fruit/
Facebook,https://www.facebook.com/multanimangoes03062266475/
VanillaQueen,https://vanillaqueen.com/mango/
Shutterstock,https://www.shutterstock.com/image-photo/bunch-yummy-yellow-mangoes-more-images-1175682
iStock,https://www.istockphoto.com/photos/ataulfo-mango
iStock,https://www.istockphoto.com/photo/mango-fruit-from-thailand-night-market-gm503862186-82815475
Tropical Experience,https://www.tropicalexperiencephilippines.com/blog-supermango-english
da.gov.ph,https://www.da.gov.ph/producers-and-processors-seek-das-help-amidst-the-surge-of-mango-supply/
multanimangoz.com,https://multanimangoz.com/product-category/lagdna/
Shutterstock,https://www.shutterstock.com/image-photo/organic-nam-dok-mai-mangoes-sale-667536529
Pinterest,https://www.pinterest.com/pin/458382068293603017/
X,https://twitter.com/mandiexpresspk/status/875969979925098496
Facebook,https://m.facebook.com/bbcnewspidgin/posts/e-be-like-say-mango-dey-hungry-some-pipo-todayoya-tell-us-wetin-be-di-best-way-t/1489247201281001/
Shutterstock,https://www.shutterstock.com/search/mango-market
Adobe,https://stock.adobe.com/be_en/images/fresh-yellow-ripe-mangoes-against-green-background/114893395
Shutterstock,https://www.shutterstock.com/image-photo/mango-most-common-subtropical-fruit-world-2321611233
Adobe,https://stock.adobe.com/images/yellow-mango-background-or-wallpaper-bunch-of-tropical-fruits-oval-yellow-mango-pile-sweet-dessert-or-vegetarian-food-exotic-mango-horizontal-image-fresh-ripe-exotic-mango-stack-raw-juicy-fruit/262086608
Khmer Times,https://www.khmertimeskh.com/tag/mangoes/
YouTube,https://www.youtube.com/watch?v=rI2dCrDFXFk
X,https://twitter.com/mistyme20/status/338216180596740096
VIARAMI,https://viarami.com/piece/bangkok-markets-part-three/
Facebook,https://www.facebook.com/joiyamangofarm/
Shutterstock,https://www.shutterstock.com/image-photo/fresh-yellow-mango-pile-on-rustic-2001925388
Depositphotos,https://depositphotos.com/photo/unripe-green-carabao-mangoes-also-known-philippine-mango-display-sale-513964578.html
Facebook,https://www.facebook.com/primemark.Importers.exporters/
Facebook,https://www.facebook.com/Fruits4You.pk/
BBRTV,http://www.bbrtv.com/2023/0605/849966.html
Depositphotos,https://depositphotos.com/photo/sweet-tasty-mango-market-fruit-background-356475098.html
Shutterstock,https://www.shutterstock.com/image-photo/tropical-thai-fruit-maprang-marian-plum-1452566444
Shutterstock,https://www.shutterstock.com/image-photo/five-orange-champagne-mango-fruit-on-273986486
Shutterstock,https://www.shutterstock.com/image-photo/yellow-orange-golden-red-big-melon-495504034
Facebook,https://www.facebook.com/shreemadhurkesarmango/
Facebook,https://www.facebook.com/1862799744018667/photos/a.1864100997221875/1867526776879297/?type=3
Redbubble,https://www.redbubble.com/i/sticker/Mangoes-by-TShirtandTings/102221211.EJUG5
Facebook,https://www.facebook.com/jeffrey.magcalas.75/
X,https://twitter.com/desi_thug1/status/1662073796772397062
Shutterstock,https://www.shutterstock.com/image-photo/local-fruit-vegetables-market-el-nido-1018767901
Facebook,https://m.facebook.com/ijuander/photos/pcb.6241518669217697/6241514969218067/?type=3&source=48
Shutterstock,https://www.shutterstock.com/image-photo/mango-tropical-fruit-yellowishred-skin-hard-1094097356
Adobe,https://stock.adobe.com/search/images?k=%22mango+fruits%22
Facebook,https://www.facebook.com/afckaithal/
Facebook,https://www.facebook.com/p/Import-Emporium-Asian-Market-100057526266459/
Curly Tales,https://curlytales.com/web-stories/its-mango-season-here-are-8-popular-mango-varieties-one-must-try-in-india/
eBay,https://www.ebay.com.my/itm/173982816555
Food Market La Chiquita,https://foodmarketlachiquita.com/wp-content/uploads/AD-FEB-22-2023.pdf
Alamy,https://www.alamy.com/tropical-thai-fruits-stall-at-local-food-market-in-thailand-coconut-dragonfruit-banana-and-mango-at-night-fair-image354371004.html
EyeEm,https://www.eyeem.com/search/pictures/mango%20fruit?page=8
News Pakistan TV,https://newspakistan.tv/pakistani-mangoes-in-china/
eflourist.com,https://eflourist.com/product-tag/freshmangoes/
YouTube,https://www.youtube.com/watch?v=0VEg2yJSCP4
mahaonline.gov.in,https://maitri.mahaonline.gov.in/HTMLTemplate/Konkan-Region/Sindhudurg-ODOP-Devgad-Alphonso.html
